no_municipio,escolas,media_temporarios,mediana_temporarios,media_doc_ept,media_tur_ept
Bom Progresso,1,0.8947368421052632,0.8947368421052632,19,10
São Sepé,2,0.8799283154121864,0.8799283154121864,9.5,3
Cidreira,1,0.8780487804878049,0.8780487804878049,29,9
Vista Alegre do Prata,1,0.875,0.875,7,1
Taquara,2,0.8726557773744706,0.8726557773744706,50,32.5
Itapuca,1,0.8571428571428571,0.8571428571428571,7,1
Candelária,1,0.8529411764705882,0.8529411764705882,39,8
Independência,1,0.8421052631578947,0.8421052631578947,16,2
Cacequi,1,0.8378378378378378,0.8378378378378378,26,3
Parobé,2,0.8377192982456141,0.8377192982456141,14.5,1
Lagoa Vermelha,2,0.8355654761904762,0.8355654761904762,19.5,6.5
São Jerônimo,1,0.8333333333333334,0.8333333333333334,23,4
Xangri-lá,1,0.8333333333333334,0.8333333333333334,19,2
Caxias do Sul,5,0.8307307692307693,0.8461538461538461,13.2,5
Guaíba,4,0.8269795127353267,0.8178571428571428,19.75,14.75
São Leopoldo,3,0.8207080483503247,0.8536585365853658,28.333333333333332,15.666666666666666
Rio Pardo,3,0.819932079414838,0.825,21.333333333333332,3.6666666666666665
Estância Velha,1,0.8181818181818182,0.8181818181818182,15,1
Novo Hamburgo,5,0.8095306513409962,0.8051724137931034,49.4,25
Portão,1,0.8043478260869565,0.8043478260869565,46,45
Sete de Setembro,1,0.8,0.8,13,1
Montenegro,4,0.7933476985145791,0.7709059233449478,11.75,1.75
Nova Bassano,1,0.7931034482758621,0.7931034482758621,20,5
Ijuí,4,0.7901304970436068,0.7824390243902439,21.5,22.25
Dom Pedrito,4,0.787072535160991,0.8050974512743628,13.5,5.5
Campo Bom,1,0.7857142857142857,0.7857142857142857,14,3
Charqueadas,2,0.7822299651567943,0.7822299651567943,32.5,5.5
Cachoeirinha,4,0.7741233678826221,0.7600114416475973,23,9
Butiá,1,0.7727272727272727,0.7727272727272727,7,3
Bento Gonçalves,2,0.7688787185354691,0.7688787185354691,16,3.5
Lavras do Sul,1,0.7666666666666667,0.7666666666666667,8,3
Redentora,1,0.7666666666666667,0.7666666666666667,5,2
Canoas,8,0.7651989789849205,0.7573529411764706,21.375,6.25
Sapucaia do Sul,4,0.7641826996839424,0.7224830464267084,32.333333333333336,10.333333333333334
Canela,3,0.7625193251327552,0.7758620689655172,14,2.6666666666666665
Tabaí,1,0.7586206896551724,0.7586206896551724,7,6
Guarani das Missões,2,0.7552631578947369,0.7552631578947369,22.5,8
Sapiranga,2,0.7541478129713424,0.7541478129713424,25,4.5
Igrejinha,1,0.75,0.75,17,5
Paraíso do Sul,1,0.75,0.75,13,1
Porto Vera Cruz,1,0.75,0.75,9,1
Esteio,4,0.7442343627065303,0.7773406766325728,27.5,9.75
Nova Prata,1,0.7441860465116279,0.7441860465116279,8,2
Palmeira das Missões,5,0.7427739198470906,0.7317073170731707,14.6,7.6
São Sebastião do Caí,1,0.7419354838709677,0.7419354838709677,16,6
Viamão,6,0.7418432466547156,0.7519222071460878,23,7.833333333333333
Arroio do Sal,1,0.7407407407407407,0.7407407407407407,14,1
Cachoeira do Sul,8,0.7399107583193684,0.7116212338593975,17.375,4.25
Alvorada,3,0.7391977137739849,0.6779661016949152,17.666666666666668,4.333333333333333
São Gabriel,4,0.7380197768762677,0.7885395537525355,14.25,4
Encruzilhada do Sul,2,0.7333333333333334,0.7333333333333334,20.5,8.5
Capivari do Sul,1,0.7333333333333333,0.7333333333333333,19,1
Hulha Negra,1,0.7333333333333333,0.7333333333333333,12,2
São Francisco de Paula,1,0.7333333333333333,0.7333333333333333,16,4
Passo Fundo,7,0.7329094308639593,0.6956521739130435,19.571428571428573,6.571428571428571
Miraguaí,1,0.7297297297297297,0.7297297297297297,37,7
Gravataí,3,0.7294247364453595,0.7209302325581395,11.666666666666666,3
Fortaleza dos Valos,1,0.7272727272727273,0.7272727272727273,13,1
Itaqui,1,0.7272727272727273,0.7272727272727273,16,4
Ponte Preta,1,0.7272727272727273,0.7272727272727273,9,1
Vicente Dutra,1,0.7272727272727273,0.7272727272727273,13,1
Maçambará,2,0.7271364317841079,0.7271364317841079,16,4
Porto Xavier,3,0.7256542256542257,0.8333333333333334,13,2.3333333333333335
Santa Rosa,5,0.7230381225960368,0.72,18.6,6.8
Eldorado do Sul,1,0.7142857142857143,0.7142857142857143,11,3
Pedras Altas,1,0.7142857142857143,0.7142857142857143,7,1
Carazinho,3,0.7117801672640383,0.6888888888888889,24.666666666666668,8
Santo Ângelo,7,0.7113996356829816,0.71875,19.857142857142858,6.571428571428571
Piratini,2,0.7110969387755102,0.7110969387755102,18,2.5
São Borja,3,0.7098765432098766,0.7368421052631579,25,4.666666666666667
Estrela,3,0.7095558762225429,0.8148148148148148,19.666666666666668,12.666666666666666
Lajeado,1,0.7090909090909091,0.7090909090909091,19,4
Barão,1,0.7083333333333334,0.7083333333333334,16,5
Entre-Ijuís,1,0.7058823529411765,0.7058823529411765,24,6
Putinga,1,0.7058823529411765,0.7058823529411765,8,1
Salvador do Sul,1,0.7058823529411765,0.7058823529411765,14,4
Santa Cruz do Sul,4,0.7039228363667842,0.6719761075161772,11,1.75
Venâncio Aires,2,0.7021505376344086,0.7021505376344086,8,2
Carlos Barbosa,1,0.7021276595744681,0.7021276595744681,28,5
Ajuricaba,1,0.7,0.7,16,2
Bagé,6,0.6995838675437007,0.6909722222222222,17.166666666666668,3.1666666666666665
Flores da Cunha,1,0.6976744186046512,0.6976744186046512,14,1
Cruz Alta,3,0.6973481956532804,0.711864406779661,21,6.666666666666667
Tenente Portela,2,0.6946428571428571,0.6946428571428571,36.5,9.5
Campo Novo,1,0.6923076923076923,0.6923076923076923,12,1
Dois Irmãos,1,0.6909090909090909,0.6909090909090909,45,16
Presidente Lucena,1,0.6875,0.6875,10,1
Rosário do Sul,3,0.6865862573099415,0.6666666666666666,12.333333333333334,5
Teutônia,1,0.6857142857142857,0.6857142857142857,27,4
Porto Alegre,25,0.684033714535225,0.6976744186046512,24.52,10.68
Santo Antônio das Missões,2,0.6831932773109244,0.6831932773109244,20,7.5
Taquari,2,0.682608695652174,0.682608695652174,24,9
Giruá,1,0.68,0.68,21,6
Vacaria,3,0.6674979866469228,0.7021276595744681,12.666666666666666,4.666666666666667
Bom Jesus,1,0.6666666666666666,0.6666666666666666,15,4
Capão do Leão,1,0.6666666666666666,0.6666666666666666,26,6
Cotiporã,1,0.6666666666666666,0.6666666666666666,6,1
General Câmara,1,0.6666666666666666,0.6666666666666666,18,4
Marau,1,0.6666666666666666,0.6666666666666666,21,3
Santo Antônio da Patrulha,1,0.6666666666666666,0.6666666666666666,16,6
Selbach,1,0.6666666666666666,0.6666666666666666,15,2
São Francisco de Assis,1,0.6666666666666666,0.6666666666666666,33,6
São Pedro do Sul,1,0.6666666666666666,0.6666666666666666,15,1
Viadutos,1,0.6666666666666666,0.6666666666666666,12,4
Balneário Pinhal,1,0.6551724137931034,0.6551724137931034,11,3
Frederico Westphalen,1,0.6545454545454545,0.6545454545454545,28,13
Capão da Canoa,2,0.654491833030853,0.654491833030853,27,12.5
Quaraí,1,0.6530612244897959,0.6530612244897959,15,5
Uruguaiana,4,0.6490875111208679,0.6630434782608696,22.25,4.75
Osório,3,0.6459445715738622,0.6666666666666666,32.666666666666664,9.666666666666666
Santo Augusto,1,0.6451612903225806,0.6451612903225806,9,5
Agudo,1,0.6428571428571429,0.6428571428571429,4,1
Alegrete,5,0.6401106155218554,0.6101694915254238,22.8,8
Barros Cassal,1,0.6363636363636364,0.6363636363636364,14,3
Salto do Jacuí,2,0.6351102941176471,0.6351102941176471,13,5.5
São Lourenço do Sul,2,0.6339600470035253,0.6339600470035253,29.5,11.5
Erval Seco,1,0.6296296296296297,0.6296296296296297,13,1
Mato Leitão,1,0.6296296296296297,0.6296296296296297,13,1
Jaguarão,2,0.6274509803921569,0.6274509803921569,9,1.5
Braga,1,0.625,0.625,17,1
Ilópolis,1,0.625,0.625,12,2
São Vicente do Sul,1,0.6216216216216216,0.6216216216216216,3,2
Nova Bréscia,1,0.6153846153846154,0.6153846153846154,9,1
São José das Missões,1,0.6153846153846154,0.6153846153846154,10,2
Soledade,3,0.6129985554710157,0.631578947368421,21.666666666666668,5.666666666666667
Arroio Grande,1,0.6097560975609756,0.6097560975609756,7,4
Júlio de Castilhos,1,0.6060606060606061,0.6060606060606061,22,6
Maratá,1,0.6,0.6,9,1
Seberi,1,0.6,0.6,36,7
Ibirubá,1,0.5925925925925926,0.5925925925925926,17,5
Sant'Ana do Livramento,6,0.5922798216276477,0.5903010033444815,15.833333333333334,4.833333333333333
Brochier,1,0.5909090909090909,0.5909090909090909,12,2
Tapes,1,0.5909090909090909,0.5909090909090909,28,10
Barão do Triunfo,1,0.5882352941176471,0.5882352941176471,13,2
Cândido Godói,1,0.5882352941176471,0.5882352941176471,21,6
Espumoso,1,0.5882352941176471,0.5882352941176471,16,6
Fontoura Xavier,2,0.5880102040816326,0.5880102040816326,17,5.5
Erechim,4,0.5869012707722385,0.606060606060606,25.5,8.75
Cerro Grande,1,0.5833333333333334,0.5833333333333334,18,3
Santa Maria do Herval,1,0.5833333333333334,0.5833333333333334,11,1
Pelotas,6,0.5820481560991323,0.5348970251716247,25.5,8
Feliz,1,0.5806451612903226,0.5806451612903226,14,6
Não-Me-Toque,1,0.5806451612903226,0.5806451612903226,11,5
Arvorezinha,1,0.5681818181818182,0.5681818181818182,24,6
Sinimbu,1,0.5625,0.5625,12,1
Tapera,1,0.5609756097560976,0.5609756097560976,31,12
Senador Salgado Filho,1,0.5555555555555556,0.5555555555555556,8,1
Tramandaí,1,0.5510204081632653,0.5510204081632653,29,15
Caçapava do Sul,3,0.55,0.5833333333333334,21,6.333333333333333
Rio Grande,8,0.5499089875433848,0.5606617647058824,25.75,7.5
Camaquã,3,0.5452380952380953,0.5166666666666667,13.333333333333334,2.6666666666666665
Santa Vitória do Palmar,1,0.5416666666666666,0.5416666666666666,37,6
São Luiz Gonzaga,3,0.5333333333333333,0.5555555555555556,21,7.666666666666667
Herval,1,0.53125,0.53125,5,2
Palmitinho,1,0.525,0.525,39,6
Campina das Missões,1,0.5238095238095238,0.5238095238095238,3,2
Três Cachoeiras,1,0.5217391304347826,0.5217391304347826,16,4
Ciríaco,1,0.5,0.5,14,2
Guaporé,1,0.5,0.5,12,7
São Valério do Sul,1,0.5,0.5,18,8
Canguçu,2,0.49572649572649574,0.49572649572649574,27,8
Santa Maria,7,0.48599939851043017,0.47368421052631576,23.571428571428573,4.571428571428571
Arroio do Tigre,1,0.4838709677419355,0.4838709677419355,4,1
Horizontina,1,0.48148148148148145,0.48148148148148145,8,2
Sobradinho,1,0.47619047619047616,0.47619047619047616,25,8
Cerro Largo,1,0.47368421052631576,0.47368421052631576,14,2
Tupanciretã,1,0.47368421052631576,0.47368421052631576,17,5
Progresso,1,0.46153846153846156,0.46153846153846156,14,2
Encantado,1,0.46,0.46,49,13
Santiago,3,0.4592074592074592,0.45454545454545453,23.333333333333332,7.333333333333333
Campinas do Sul,1,0.4583333333333333,0.4583333333333333,23,4
Humaitá,1,0.4583333333333333,0.4583333333333333,36,8
Ametista do Sul,1,0.4482758620689655,0.4482758620689655,17,2
Iraí,1,0.4482758620689655,0.4482758620689655,29,3
Torres,3,0.4422482666385105,0.47619047619047616,19,3.6666666666666665
Planalto,1,0.4411764705882353,0.4411764705882353,16,2
Catuípe,1,0.4375,0.4375,3,1
Roque Gonzales,1,0.43333333333333335,0.43333333333333335,15,2
Doutor Maurício Cardoso,1,0.42857142857142855,0.42857142857142855,12,1
Três Passos,2,0.4240102171136654,0.4240102171136654,14,7
Crissiumal,2,0.4066666666666667,0.4066666666666667,9,1
Santana da Boa Vista,1,0.40625,0.40625,6,2
Três de Maio,1,0.40540540540540543,0.40540540540540543,20,8
São José do Norte,1,0.3877551020408163,0.3877551020408163,13,5
Rondinha,1,0.34375,0.34375,22,4
Campos Borges,1,0.3333333333333333,0.3333333333333333,10,1
Cerrito,1,0.3076923076923077,0.3076923076923077,14,5
Chapada,1,0.3076923076923077,0.3076923076923077,19,3
Jaguari,1,0.26666666666666666,0.26666666666666666,17,2
