co_entidade,no_entidade,no_municipio,co_uf,qt_doc_bas_vinculo_concur,qt_doc_bas_vinculo_contra,doc_publicos_principais,perc_temporarios,doc_ept,tur_ept,qt_doc_bas_disc_profissiona
43105874,ESC EST ED BAS APELES PORTO ALEGRE,Porto Alegre,43,1,29,30,0.9666666666666667,17,2,0
43082246,ESC EST TEC AGR DESIDERIO FINAMOR,Lagoa Vermelha,43,1,20,21,0.9523809523809523,21,12,9
43121772,ESC EST ENS MED NOSSA SENHORA DA ESPERANCA,Santa Cruz do Sul,43,1,19,20,0.95,12,1,0
43013740,ESC EST ENS MED SENADOR SALGADO FILHO,Alvorada,43,2,37,39,0.9487179487179487,18,1,0
43171486,COL ESTADUAL IVO BUHLER CIEP,Montenegro,43,2,36,38,0.9473684210526315,13,1,0
43075169,ESC EST ENS MED EMIL GLITZ,Ijuí,43,2,31,33,0.9393939393939394,15,1,0
43038204,ESC EST ENS MED BARAO DO AMAZONAS,Canoas,43,1,13,14,0.9285714285714286,14,2,0
43012132,ESC EST ENS MED JOSE BONIFACIO,Alegrete,43,2,23,25,0.92,11,1,0
43043623,ESC EST ENS MED PROF APOLINARIO ALVES DOS SANTOS,Caxias do Sul,43,2,23,25,0.92,13,2,0
43146384,ESC EST ENS MED VILA PRADO,Sapucaia do Sul,43,3,31,34,0.9117647058823529,22,5,0
43029116,ESC EST TECNICA NOSSA SENHORA DA CONCEICAO,Cachoeira do Sul,43,3,29,32,0.90625,22,6,10
43002943,E E EDUC PROFIS DE DOM PEDRITO,Dom Pedrito,43,2,19,21,0.9047619047619048,21,13,6
43205186,E E EDUC PROFIS ESTRELA,Estrela,43,2,19,21,0.9047619047619048,21,24,21
43209149,E E EDUC PROFIS DR SOLON TAVARES,Guaíba,43,2,19,21,0.9047619047619048,21,30,21
43206395,E E EDUC PROFIS JOAO DE CESARO,Passo Fundo,43,2,19,21,0.9047619047619048,21,15,21
43139116,ESC TECNICA EST VISCONDE DE SAO LEOPOLDO,São Leopoldo,43,2,19,21,0.9047619047619048,21,10,0
43029930,COL AGRIC EST DANIEL DE OLIVEIRA PAIVA,Cachoeirinha,43,2,18,20,0.9,20,9,9
43038514,ESC EST ENS MED BENTO GONCALVES,Canoas,43,5,44,49,0.8979591836734694,46,29,13
43171575,ESC EST ENS MED WILLIBALDO BERNARDO SAMRSLA CIEP,Taquara,43,4,34,38,0.8947368421052632,13,1,0
43169368,ESC TECNICA EST CELEIRO ETEC,Bom Progresso,43,2,17,19,0.8947368421052632,19,10,5
43144144,COL ESTADUAL SAO SEPE,São Sepé,43,3,24,27,0.8888888888888888,5,2,5
43038433,ESC EST ENS MED SAO FRANCISCO DE ASSIS,Canoas,43,4,31,35,0.8857142857142857,15,1,0
43106056,ESC EST ENS MED CEARA,Porto Alegre,43,2,15,17,0.8823529411764706,14,2,0
43171737,ESC EST ED BAS PROFESSOR JOAQUIM JOSE FELIZARDO,Santa Rosa,43,3,22,25,0.88,12,2,0
43046142,ESC EST ED BAS RAUL PILLA,Cidreira,43,5,36,41,0.8780487804878049,29,9,17
43029213,ESC EST ENS MED CORONEL CIRO CARVALHO DE ABREU,Cachoeira do Sul,43,3,21,24,0.875,15,1,0
43136133,ESC EST ENS MED DR FERNANDO ABBOTT,São Gabriel,43,2,14,16,0.875,9,1,0
43169031,COL ESTADUAL MONSENHOR PERES,Vista Alegre do Prata,43,1,7,8,0.875,7,1,0
43144888,INST EST EDUC TIARAJU,São Sepé,43,4,27,31,0.8709677419354839,14,4,0
43165435,ESC EST ENS MED WOLFRAM METZLER,Venâncio Aires,43,4,27,31,0.8709677419354839,8,3,1
43175783,ESC EST ENS MED PROFESSORA MARIA BANDARRA WESTPHALEN,Cruz Alta,43,4,26,30,0.8666666666666667,12,1,0
43114792,ESC EST ENS MED FORTALEZA,Rio Pardo,43,4,25,29,0.8620689655172413,15,2,0
43029329,ESC EST ENS MED ANTONIO VICENTE DA FONTOURA,Cachoeira do Sul,43,5,31,36,0.8611111111111112,19,2,5
43092470,COL ESTADUAL SENADOR ALBERTO PASQUALINI,Novo Hamburgo,43,5,31,36,0.8611111111111112,34,6,0
43045715,ESC EST ENS MED VILA CRUZ DE MALTA,Charqueadas,43,4,24,28,0.8571428571428571,18,4,0
43171176,ESC EST ENS MED CORONEL ANTONIO FIORAVANTE CIEP,Porto Xavier,43,3,18,21,0.8571428571428571,14,1,0
43171524,ESC EST ENS MED UNIRIO CARRERA MACHADO CIEP,Santo Ângelo,43,3,18,21,0.8571428571428571,13,2,0
43017851,ESC EST ENS MED BENTO GONCALVES DA SILVA,Itapuca,43,1,6,7,0.8571428571428571,7,1,0
43043836,ESC EST TECNICA CAXIAS DO SUL,Caxias do Sul,43,7,41,48,0.8541666666666666,15,15,14
43139132,ESC TECNICA EST FREDERICO GUILHERME SCHMIDT,São Leopoldo,43,6,35,41,0.8536585365853658,41,28,14
43035116,ESC EST ENS MED GASTAO BRAGATTI LEPAGE,Candelária,43,5,29,34,0.8529411764705882,39,8,4
43136257,ESC EST ENS MED JOAO PEDRO NUNES,São Gabriel,43,5,29,34,0.8529411764705882,19,4,0
43152325,ESC TECNICA EST MONTEIRO LOBATO,Taquara,43,13,74,87,0.8505747126436781,87,64,47
43070442,ESC EST ENS MED IZAURA IBANEZ PAIVA,Guaíba,43,3,17,20,0.85,11,1,0
43043208,ESC EST ENS MED JOAO PILATI,Caxias do Sul,43,2,11,13,0.8461538461538461,9,1,0
43098282,ESC EST ENS MED ALBERTO PASQUALINI,Passo Fundo,43,5,27,32,0.84375,12,1,0
43023428,COL ESTADUAL LANDELL DE MOURA,Bento Gonçalves,43,3,16,19,0.8421052631578947,13,1,0
43076076,ESC EST ED BAS AMELIO FAGUNDES,Independência,43,3,16,19,0.8421052631578947,16,2,0
43097715,ESC EST ENS MED ADELINA DA CUNHA,Parobé,43,3,16,19,0.8421052631578947,15,1,0
43108059,ESC EST ENS MED SANTOS DUMONT,Porto Alegre,43,3,16,19,0.8421052631578947,15,1,0
43128408,COL ESTADUAL MISSOES,Santo Ângelo,43,3,16,19,0.8421052631578947,13,1,0
43100066,EEE PROFIS JOAO XXIII,Pelotas,43,4,21,25,0.84,25,24,25
43028217,COL ESTADUAL PROF ANTONIO LEMOS DE ARAUJO,Cacequi,43,6,31,37,0.8378378378378378,26,3,0
43137393,INST EST EDUC SAO JERONIMO,São Jerônimo,43,8,40,48,0.8333333333333334,23,4,6
43041663,INST EST EDUC CRISTOVAO DE MENDOZA,Caxias do Sul,43,6,30,36,0.8333333333333334,19,6,0
43097707,COL ESTADUAL JOAO MOSMANN,Parobé,43,5,25,30,0.8333333333333334,14,1,0
43205852,ESC EST ENS MED XANGRI LA,Xangri-lá,43,4,20,24,0.8333333333333334,19,2,0
43109950,ESC EST ENS MED CARLOS BRATZ,Porto Xavier,43,3,15,18,0.8333333333333334,12,1,0
43171150,ESC EST ENS MED GETULIO DORNELLES VARGAS,Dom Pedrito,43,5,24,29,0.8275862068965517,16,2,0
43113958,INST EST EDUC ERNESTO ALVES,Rio Pardo,43,7,33,40,0.825,36,8,0
43131263,ESC TECNICA EST ACHILINO DE SANTIS,Santo Antônio das Missões,43,3,14,17,0.8235294117647058,13,8,5
43095534,INST EST EDUC BORGES DO CANTO,Palmeira das Missões,43,6,27,33,0.8181818181818182,15,4,0
43060030,ESC EST ENS MED PRINCESA ISABEL,Estância Velha,43,4,18,22,0.8181818181818182,15,1,0
43167306,ESC EST ENS MED PROF CELIA FLORES DE LAVRA PINTO,Viamão,43,4,18,22,0.8181818181818182,10,1,0
43060650,ESC EST ED BAS NICOLAU MUSSNICH,Estrela,43,5,22,27,0.8148148148148148,16,2,0
43182127,ESC EST ENS MED BAIRRO DO PARQUE,Esteio,43,3,13,16,0.8125,13,1,0
43092462,COL ESTADUAL 25 DE JULHO,Novo Hamburgo,43,11,47,58,0.8103448275862069,25,8,0
43039936,INST EST EDUC CRUZEIRO DO SUL ONIVA DE MOURA BRIZOLA,Carazinho,43,6,25,31,0.8064516129032258,36,6,0
43074219,INST EST EDUC GUILHERME CLEMENTE KOEHLER,Ijuí,43,8,33,41,0.8048780487804879,22,11,5
43104843,ESC TECNICA EST DE PORTAO,Portão,43,9,37,46,0.8043478260869565,46,45,22
43029990,ESC TECNICA EST MARECHAL MASCARENHAS DE MORAES,Cachoeirinha,43,15,61,76,0.8026315789473685,32,7,30
43153208,INST EST EDUC PEREIRA CORUJA,Taquari,43,11,44,55,0.8,33,16,11
43092497,COL ESTADUAL ENG IGNACIO CHRISTIANO PLANGG,Novo Hamburgo,43,4,16,20,0.8,13,2,0
43169317,COL EST TECNICO DR ZENO PEREIRA LUZ,Encruzilhada do Sul,43,3,12,15,0.8,15,9,4
43071511,ESC EST ENS MED JOAO PRZYCZYNSKI,Guarani das Missões,43,3,12,15,0.8,11,1,0
43071473,ESC EST ENS MED SAO ROQUE,Sete de Setembro,43,3,12,15,0.8,13,1,0
43097804,ESC EST ED BAS NICOLAU DE ARAUJO VERGUEIRO,Passo Fundo,43,12,47,59,0.7966101694915254,27,8,0
43090524,COL ESTADUAL PE COLBACHINI,Nova Bassano,43,6,23,29,0.7931034482758621,20,5,0
43126669,ESC EST ENS MED PEDRO MEINERZ,Santa Rosa,43,8,30,38,0.7894736842105263,4,1,4
43035663,ESC EST ENS MED JOAO CORREA,Canela,43,4,15,19,0.7894736842105263,11,1,0
43070124,INST EST EDUC GOMES JARDIM,Guaíba,43,9,33,42,0.7857142857142857,37,21,14
43171192,ESC EST ENS MED VEREADOR JOSE ADAO DE ASSIS BARBOSA CIEP,Camaquã,43,6,22,28,0.7857142857142857,15,1,0
43087850,COL ESTADUAL DR PAULO RIBEIRO CAMPOS,Montenegro,43,6,22,28,0.7857142857142857,6,2,6
43033679,ESC EST ENS MED FERNANDO FERRARI,Campo Bom,43,3,11,14,0.7857142857142857,14,3,0
43171400,ESC EST ENS MED DR JOSE MARIANO DE FREITAS BECK,Rio Grande,43,8,29,37,0.7837837837837838,15,2,0
43053076,ESC EST ENS MED NOSSA SENHORA DO PATROCINIO,Dom Pedrito,43,5,18,23,0.782608695652174,8,3,8
43060145,COL ESTADUAL AUGUSTO MEYER,Esteio,43,9,32,41,0.7804878048780488,41,22,8
43035680,ESC EST ED BAS NEUSA MARI PACHECO CIEP,Canela,43,13,45,58,0.7758620689655172,15,3,0
43060188,ESC EST ENS MED CAETANO GONCALVES DA SILVA,Esteio,43,7,24,31,0.7741935483870968,15,2,0
43026613,INST ESTADUAL MARECHAL RONDON,Butiá,43,10,34,44,0.7727272727272727,7,3,7
43113982,ESC EST ENS MED BIAGIO SOARES TARANTINO,Rio Pardo,43,5,17,22,0.7727272727272727,13,1,0
43069100,COL ESTADUAL ANTONIO GOMES CORREA,Gravataí,43,9,30,39,0.7692307692307693,12,1,0
43070256,COL ESTADUAL AUGUSTO MEYER,Guaíba,43,10,33,43,0.7674418604651163,10,7,10
43129170,COL ESTADUAL ONOFRE PIRES,Santo Ângelo,43,10,33,43,0.7674418604651163,19,5,0
43083951,INST EST EDUC DR BULCAO,Lavras do Sul,43,7,23,30,0.7666666666666667,8,3,8
43092950,INST ESTADUAL MADRE BENICIA,Novo Hamburgo,43,7,23,30,0.7666666666666667,16,2,0
43112161,ESC EST ED BAS FELICIANO JORGE ALBERTO,Redentora,43,7,23,30,0.7666666666666667,5,2,5
43038727,ESC EST ENS MED CONEGO JOSE LEAO HARTMANN,Canoas,43,12,39,51,0.7647058823529411,13,1,0
43171362,ESC EST ENS MED DR LUIZ MARIA FERRAZ,Bagé,43,8,26,34,0.7647058823529411,13,1,0
43029272,ESC EST ENS MED VITAL BRASIL,Cachoeira do Sul,43,8,26,34,0.7647058823529411,18,2,0
43145710,INST EST EDUC DE SAPIRANGA,Sapiranga,43,8,26,34,0.7647058823529411,34,8,0
43105386,INST ESTADUAL PROFESSORA GEMA ANGELINA BELIA,Porto Alegre,43,9,29,38,0.7631578947368421,17,1,0
43133037,ESC EST TECNICA OLAVO BILAC,São Borja,43,9,29,38,0.7631578947368421,22,4,5
43164102,ESC EST ENS MED PADRE PACIFICO,Vacaria,43,5,16,21,0.7619047619047619,11,1,0
43171427,ESC EST ENS MED OTAVIO CARUSO BROCHADO DA ROCHA,Ijuí,43,6,19,25,0.76,6,8,6
43077480,ESC EST TECNICA ENCRUZILHADA,Maçambará,43,7,22,29,0.7586206896551724,21,7,0
43153607,ESC EST ENS MED PEDRO ROSA,Tabaí,43,7,22,29,0.7586206896551724,7,6,7
43167586,ESC EST ENS MED GOV WALTER JOBIM,Viamão,43,16,50,66,0.7575757575757576,21,3,0
43167365,ESC EST ENS MED BARAO DE LUCENA,Viamão,43,8,25,33,0.7575757575757576,9,1,0
43087213,ESC EST TECNICA SAO JOAO BATISTA,Montenegro,43,10,31,41,0.7560975609756098,19,2,18
43105688,ESC TECNICA EST PAROBE,Porto Alegre,43,34,102,136,0.75,138,67,107
43074022,INST EST EDUC OLIVIA LAHM HIRT,Igrejinha,43,9,27,36,0.75,17,5,0
43125433,ESC EST ENS MED DR SILVIO RIBEIRO,Sant'Ana do Livramento,43,9,27,36,0.75,14,1,0
43038425,ESC EST ENS MED JOSE GOMES DE VASCONCELOS JARDIM,Canoas,43,6,18,24,0.75,18,2,0
43097499,ESC EST ENS MED PRESIDENTE AFONSO PENA,Paraíso do Sul,43,6,18,24,0.75,13,1,0
43109730,ESC EST ENS MED TAMANDARE,Porto Vera Cruz,43,3,9,12,0.75,9,1,0
43167764,INST EST EDUC ISABEL DE ESPANHA,Viamão,43,17,50,67,0.746268656716418,32,19,3
43094589,COL ESTADUAL TRES MARTIRES,Palmeira das Missões,43,16,47,63,0.746031746031746,11,7,11
43092217,INST EST EDUC TIRADENTES,Nova Prata,43,11,32,43,0.7441860465116279,8,2,0
43171540,INST ESTADUAL PROF NENA CIEP,Sapiranga,43,10,29,39,0.7435897435897436,16,1,0
43143946,INST EST EDUC PAULO FREIRE,São Sebastião do Caí,43,8,23,31,0.7419354838709677,16,6,0
43016480,ESC EST ENS MED JOSE DE QUADROS,Arroio do Sal,43,7,20,27,0.7407407407407407,14,1,0
43146430,ESC EST ED BAS MARCUS VINICIUS DE MORAES,Sapucaia do Sul,43,7,20,27,0.7407407407407407,12,1,0
43107214,ESC EST ENS MED SANTA ROSA,Porto Alegre,43,10,28,38,0.7368421052631579,14,3,0
43132545,INST ESTADUAL PADRE FRANCISCO GARCIA,São Borja,43,10,28,38,0.7368421052631579,27,3,0
43167357,EETECDE AGRI LEONEL DE MOURA BRIZOLA,Viamão,43,10,28,38,0.7368421052631579,38,19,14
43171516,ESC EST ENS MED PROF CAROLINA ARGEMI VAZQUEZ CIEP,Rosário do Sul,43,5,14,19,0.7368421052631579,12,2,0
43102948,INST EST EDUC PONCHE VERDE,Piratini,43,13,36,49,0.7346938775510204,25,4,0
43094490,ESC EST ENS MED ARTHUR DA COSTA E SILVA,Capivari do Sul,43,8,22,30,0.7333333333333333,19,1,0
43108180,COL ESTADUAL RUBEN BERTA,Porto Alegre,43,8,22,30,0.7333333333333333,11,1,0
43135307,COL ESTADUAL JOSE DE ALENCAR,São Francisco de Paula,43,8,22,30,0.7333333333333333,16,4,0
43019358,ESC EST ENS MED MANOEL LUCAS DE OLIVEIRA,Hulha Negra,43,4,11,15,0.7333333333333333,12,2,0
43095550,ESC EST ED BAS PALMEIRA DAS MISSOES,Palmeira das Missões,43,11,30,41,0.7317073170731707,9,8,8
43101399,ESC EST ENS MED DR ANTONIO LEIVAS LEITE,Pelotas,43,11,30,41,0.7317073170731707,23,4,0
43119972,ESC EST ENS MED WILLY CARLOS FROHLICH,Santa Cruz do Sul,43,11,30,41,0.7317073170731707,9,3,9
43087043,INST EST EDUC FAGUNDES VARELA,Miraguaí,43,10,27,37,0.7297297297297297,37,7,0
43077595,INST EST EDUC OSVALDO CRUZ,Itaqui,43,15,40,55,0.7272727272727273,16,4,0
43064310,ESC EST ED BAS LEOPOLDO MEINEN,Fortaleza dos Valos,43,6,16,22,0.7272727272727273,13,1,0
43105203,COL ESTADUAL CANDIDO JOSE DE GODOI,Porto Alegre,43,6,16,22,0.7272727272727273,13,1,0
43168167,ESC EST ED BAS 14 DE MAIO,Vicente Dutra,43,6,16,22,0.7272727272727273,13,1,0
43078974,ESC EST ENS MED SAO JOSE,Ponte Preta,43,3,8,11,0.7272727272727273,9,1,0
43106587,ESC EST ENS MED ITALIA,Porto Alegre,43,11,29,40,0.725,23,3,0
43136230,ESC EST ENS MED XV DE NOVEMBRO,São Gabriel,43,8,21,29,0.7241379310344828,8,3,8
43035710,ESC EST ENS MED DANTON CORREA DA SILVA,Canela,43,10,26,36,0.7222222222222222,16,4,0
43069126,COL ESTADUAL BARBOSA RODRIGUES,Gravataí,43,12,31,43,0.7209302325581395,9,7,9
43150608,INST EST EDUC MAURICIO CARDOSO,Soledade,43,12,31,43,0.7209302325581395,39,13,6
43169341,ESC EST TECNICA FRONTEIRA NOROESTE,Santa Rosa,43,7,18,25,0.72,25,16,9
43082025,ESC EST ENS MED FRANCISCO ARGENTA,Lagoa Vermelha,43,9,23,32,0.71875,18,1,0
43129285,COL ESTADUAL PEDRO II,Santo Ângelo,43,9,23,32,0.71875,7,2,7
43095852,ESC EST ENS MED VENINA PALMA,Palmeira das Missões,43,11,28,39,0.717948717948718,24,7,7
43029914,INST EST EDUC PRINCESA ISABEL,Cachoeirinha,43,13,33,46,0.717391304347826,29,13,0
43108032,COL ESTADUAL PRESIDENTE ARTHUR DA COSTA E SILVA,Porto Alegre,43,12,30,42,0.7142857142857143,9,4,9
43019692,ESC EST ENS MED DR LUIZ MERCIO TEIXEIRA,Bagé,43,8,20,28,0.7142857142857143,13,1,0
43105866,ESC EST ENS MED ANTAO DE FARIA,Porto Alegre,43,8,20,28,0.7142857142857143,10,2,0
43154794,ESC EST ENS MED SEPE TIARAJU,Tenente Portela,43,8,20,28,0.7142857142857143,17,4,0
43054072,ESC EST ENS MED ROSELI CORREIA DA SILVA,Eldorado do Sul,43,4,10,14,0.7142857142857143,11,3,0
43206654,ESC EST ENS MED LEONEL DE MOURA BRIZOLA,Pedras Altas,43,2,5,7,0.7142857142857143,7,1,0
43049672,INST EST EDUC PROF ANNES DIAS,Cruz Alta,43,17,42,59,0.711864406779661,38,18,31
43071538,ESC EST TECNICA GUARAMANO,Guarani das Missões,43,11,27,38,0.7105263157894737,34,15,14
43113850,ESC EST ENS MED PROF CARLOS LOREA PINTO,Rio Grande,43,11,27,38,0.7105263157894737,16,2,0
43083544,COL ESTADUAL PRES CASTELO BRANCO,Lajeado,43,16,39,55,0.7090909090909091,19,4,0
43020569,INST EST EDUC ASSUNTA FORTINI,Barão,43,7,17,24,0.7083333333333334,16,5,0
43045723,INST EST EDUC ASSIS CHATEAUBRIAND,Charqueadas,43,12,29,41,0.7073170731707317,47,7,9
43055885,ESC TECNICA EST ENTRE IJUIS,Entre-Ijuís,43,10,24,34,0.7058823529411765,24,6,5
43111149,ESC EST ENS MED PE DOMENICO CARLINO,Putinga,43,5,12,17,0.7058823529411765,8,1,0
43174531,ESC EST ENS MED SAO SALVADOR,Salvador do Sul,43,5,12,17,0.7058823529411765,14,4,0
43146066,INST DE ED EST RUBEN DARIO,Sapucaia do Sul,43,21,50,71,0.704225352112676,63,25,8
43162479,INST EST EDUC ELISA FERRARI VALLS,Uruguaiana,43,21,50,71,0.704225352112676,21,10,0
43139604,INST EST EDUC PROF PEDRO SCHNEIDER,São Leopoldo,43,16,38,54,0.7037037037037037,23,9,0
43140661,INST EST EDUC DR WALTER THOFEHRN,São Lourenço do Sul,43,11,26,37,0.7027027027027027,36,9,13
43040357,ESC EST ENS MED ELISA TRAMONTINA,Carlos Barbosa,43,14,33,47,0.7021276595744681,28,5,0
43164200,ESC TECNICA EST BERNARDINA RODRIGUES PADILHA,Vacaria,43,14,33,47,0.7021276595744681,9,8,7
43057004,COL ESTADUAL HAIDEE TEDESCO REALI,Erechim,43,21,49,70,0.7,39,16,16
43146368,ESC EST ENS MED CECILIA MEIRELES,Sapucaia do Sul,43,12,28,40,0.7,NA,NA,0
43095810,ESC EST TECNICA CELESTE GOBBATO,Palmeira das Missões,43,9,21,30,0.7,14,12,14
43011195,COL ESTADUAL COM SOARES DE BARROS,Ajuricaba,43,6,14,20,0.7,16,2,0
43038301,ESC EST ENS MED JOAO XXIII,Canoas,43,6,14,20,0.7,13,2,0
43125808,ESC EST ENS MED GENERAL JOSE ANTONIO FLORES DA CUNHA,Sant'Ana do Livramento,43,6,14,20,0.7,11,1,0
43181759,ESC EST ENS MED PAULO FREIRE,Caxias do Sul,43,3,7,10,0.7,10,1,0
43108911,COL ESTADUAL ENG ILDO MENEGHETTI,Porto Alegre,43,19,44,63,0.6984126984126984,39,11,7
43069070,ESC EST ENS MED TUIUTI,Gravataí,43,16,37,53,0.6981132075471698,14,1,14
43063160,ESC EST ENS MED SAO RAFAEL,Flores da Cunha,43,13,30,43,0.6976744186046512,14,1,0
43105165,ESC TECNICA EST IRMAO PEDRO,Porto Alegre,43,13,30,43,0.6976744186046512,23,16,23
43023134,INST EST EDUC CECILIA MEIRELES,Bento Gonçalves,43,14,32,46,0.6956521739130435,19,6,0
43077544,INST ESTADUAL ANIBAL BENEVOLO,Maçambará,43,7,16,23,0.6956521739130435,11,1,0
43098991,INST ESTADUAL CARDEAL ARCOVERDE,Passo Fundo,43,7,16,23,0.6956521739130435,18,3,0
43019153,COL ESTADUAL WALDEMAR AMORETTY MACHADO,Bagé,43,11,25,36,0.6944444444444444,9,4,9
43034055,ESC EST ENS MED SAO FRANCISCO DE SALES,Campo Novo,43,8,18,26,0.6923076923076923,12,1,0
43051316,ESC EST TECNICA AFFONSO WOLF,Dois Irmãos,43,17,38,55,0.6909090909090909,45,16,14
43039251,ESC EST ENS MED CONEGO JOAO BATISTA SORG,Carazinho,43,14,31,45,0.6888888888888889,13,5,11
43020232,ESC EST ENS MED FARROUPILHA,Bagé,43,5,11,16,0.6875,9,1,0
43005101,ESC EST ENS MED DEPUTADO ADAO PRETTO,Piratini,43,5,11,16,0.6875,11,1,0
43078397,ESC EST ENS MED GUILHERME EXNER,Presidente Lucena,43,5,11,16,0.6875,10,1,0
43020089,ESC EST ED BAS PROFESSOR JUSTINO COSTA QUINTANA,Bagé,43,21,46,67,0.6865671641791045,37,7,0
43155375,ESC EST ENS MED REYNALDO AFFONSO AUGUSTIN,Teutônia,43,11,24,35,0.6857142857142857,27,4,0
43093884,ESC EST ED BAS PRUDENTE DE MORAIS,Osório,43,18,39,57,0.6842105263157895,10,11,10
43087701,COL ESTADUAL A J RENNER,Montenegro,43,6,13,19,0.6842105263157895,9,2,0
43068022,INST EST EDUC JOAO XXIII,Giruá,43,8,17,25,0.68,21,6,0
43013732,INST EST EDUC JULIO CESAR RIBEIRO DE SOUZA,Alvorada,43,19,40,59,0.6779661016949152,27,7,0
43029957,COL ESTADUAL RODRIGUES ALVES,Cachoeirinha,43,11,23,34,0.6764705882352942,11,7,11
43118755,INST EST EDUC MIGUEL CALMON,Salto do Jacuí,43,11,23,34,0.6764705882352942,12,10,11
43154786,ESC EST ED BAS PROFESSORA CLEIA SALETE DALBERTO,Tenente Portela,43,13,27,40,0.675,56,15,12
43162932,COL ESTADUAL DR ROBERVAL BEHEREGARAY AZEVEDO,Uruguaiana,43,15,31,46,0.6739130434782609,26,3,0
43038859,INST ESTADUAL RIACHUELO,Capão da Canoa,43,25,51,76,0.6710526315789473,44,24,24
43129307,ESC TECNICA EST PRESIDENTE GETULIO VARGAS,Santo Ângelo,43,23,46,69,0.6666666666666666,44,23,19
43117651,ESC EST ENS MED PLACIDO DE CASTRO,Rosário do Sul,43,17,34,51,0.6666666666666666,5,4,5
43085580,ESC EST ENS MED ANCHIETA,Marau,43,15,30,45,0.6666666666666666,21,3,0
43134335,INST EST EDUC SALGADO FILHO,São Francisco de Assis,43,15,30,45,0.6666666666666666,33,6,0
43105769,ESC EST ENS MED AGRONOMO PEDRO PEREIRA,Porto Alegre,43,14,28,42,0.6666666666666666,17,2,0
43039146,ESC EST ENS MED PRESIDENTE CASTELO BRANCO,Capão do Leão,43,12,24,36,0.6666666666666666,26,6,0
43055230,INST EST EDUC GOMERCINDA DORNELLES FONTOURA,Encruzilhada do Sul,43,12,24,36,0.6666666666666666,26,8,0
43057160,ESC EST ED BAS DR SIDNEY GUERRA,Erechim,43,12,24,36,0.6666666666666666,12,2,0
43143873,ESC EST ED BAS TITO FERRARI,São Pedro do Sul,43,12,24,36,0.6666666666666666,15,1,0
43024718,COL ESTADUAL FREI GETULIO,Bom Jesus,43,11,22,33,0.6666666666666666,15,4,0
43066348,INST EST EDUC VASCONCELOS JARDIM,General Câmara,43,11,22,33,0.6666666666666666,18,4,0
43094066,ESC EST ENS MED ALBATROZ,Osório,43,11,22,33,0.6666666666666666,21,4,0
43105190,COL ESTADUAL DOM JOAO BECKER,Porto Alegre,43,10,20,30,0.6666666666666666,13,7,13
43169376,ESC TECNICA EST DR RUBENS DA ROSA GUEDES,Caçapava do Sul,43,9,18,27,0.6666666666666666,23,8,6
43148379,ESC EST ENS MED ADAO SEGER,Selbach,43,9,18,27,0.6666666666666666,15,2,0
43079350,ESC EST ENS MED HERMES PINTOS AFFONSO,Jaguarão,43,8,16,24,0.6666666666666666,15,2,0
43130801,INST EST EDUC SANTO ANTONIO,Santo Antônio da Patrulha,43,8,16,24,0.6666666666666666,16,6,0
43166814,ESC EST ED BAS VIADUTOS,Viadutos,43,8,16,24,0.6666666666666666,12,4,0
43107125,ESC EST ENS MED PROFESSOR SARMENTO LEITE,Porto Alegre,43,7,14,21,0.6666666666666666,12,1,0
43048455,ESC EST ENS MED PROFESSOR JACINTHO SILVA,Cotiporã,43,2,4,6,0.6666666666666666,6,1,0
43029337,COL ESTADUAL DIVA COSTA FACHIN,Cachoeira do Sul,43,14,27,41,0.6585365853658537,6,4,6
43074200,ESC TECNICA EST 25 DE JULHO,Ijuí,43,33,63,96,0.65625,43,69,43
43118135,INST EST EDUC DEPUTADO RUY RAMOS,Rosário do Sul,43,11,21,32,0.65625,20,9,0
43046126,ESC EST ENS MED DIOGO PENHA,Balneário Pinhal,43,10,19,29,0.6551724137931034,11,3,0
43064434,ESC EST TECNICA JOSE CANELLAS,Frederico Westphalen,43,19,36,55,0.6545454545454545,28,13,23
43098380,ESC EST ENS MED ERNESTO TOCCHETTO,Passo Fundo,43,18,34,52,0.6538461538461539,21,2,0
43111564,INST EST EDUC PROFESSOR DIEHL,Quaraí,43,17,32,49,0.6530612244897959,15,5,0
43171133,ESC EST ENS MED EMBAIXADOR JOAO BAPTISTA LUSARDO,Uruguaiana,43,16,30,46,0.6521739130434783,18,2,0
43038662,ESC EST ENS MED PROF MARGOT TEREZINHA NOAL GIACOMAZZI,Canoas,43,15,28,43,0.6511627906976745,12,1,0
43019030,ESC EST ENS MED FREI PLACIDO,Bagé,43,14,26,40,0.65,22,5,8
43171389,ESC EST ENS MED SENADOR ALBERTO PASQUALINI,Santo Augusto,43,11,20,31,0.6451612903225806,9,5,9
43012299,ESC EST ENS MED DEMETRIO RIBEIRO,Alegrete,43,21,38,59,0.6440677966101694,23,4,0
43010628,ESC EST ED BAS DOM ERICO FERRARI,Agudo,43,5,9,14,0.6428571428571429,4,1,4
43169406,E E EDUC PROFIS DE CARAZINHO,Carazinho,43,9,16,25,0.64,25,13,0
43028268,ESC EST ED BAS BORGES DE MEDEIROS,Cachoeira do Sul,43,17,30,47,0.6382978723404256,21,7,9
43038875,ESC EST ENS MED CAPAO NOVO,Capão da Canoa,43,21,37,58,0.6379310344827587,10,1,0
43022235,INST EST EDUC CASTRO ALVES,Barros Cassal,43,12,21,33,0.6363636363636364,14,3,0
43105572,ESC EST NORMAL 1 DE MAIO,Porto Alegre,43,12,21,33,0.6363636363636364,23,9,0
43167403,ESC EST ENS MED SETEMBRINA,Viamão,43,19,33,52,0.6346153846153846,28,4,0
43052797,INST EST EDUC BERNARDINO ANGELO,Dom Pedrito,43,11,19,30,0.6333333333333333,9,4,0
43098860,COL ESTADUAL JOAQUIM FAGUNDES DOS REIS,Passo Fundo,43,21,36,57,0.631578947368421,32,10,4
43150721,ESC EST ENS MED JULIA LOPES DE ALMEIDA,Soledade,43,7,12,19,0.631578947368421,16,3,0
43105696,ESC TECNICA EST SENADOR ERNESTO DORNELLES,Porto Alegre,43,17,29,46,0.6304347826086957,22,26,22
43132235,COL ESTADUAL SAO BORJA CESB,São Borja,43,20,34,54,0.6296296296296297,26,7,0
43058655,ESC EST ENS MED OLIVIA DE PAULA FALCAO,Erval Seco,43,10,17,27,0.6296296296296297,13,1,0
43165060,COL ESTADUAL PONCHO VERDE,Mato Leitão,43,10,17,27,0.6296296296296297,13,1,0
43026168,ESC EST ENS MED SANTO PAZINI,Braga,43,9,15,24,0.625,17,1,0
43063640,ESC EST ENS MED GETULIO VARGAS,Fontoura Xavier,43,6,10,16,0.625,14,7,0
43171834,COL ESTADUAL ILOPOLIS,Ilópolis,43,6,10,16,0.625,12,2,0
43145655,ESC EST ENS MED SAO VICENTE,São Vicente do Sul,43,14,23,37,0.6216216216216216,3,2,3
43108733,COL ESTADUAL CORONEL AFONSO EMILIO MASSOT,Porto Alegre,43,22,36,58,0.6206896551724138,8,3,8
43109314,EEEDPROFSAUDE NO HOSPITAL DE CLINICAS DE PORTO ALEGRE,Porto Alegre,43,21,34,55,0.6181818181818182,55,48,55
43126359,INST EST EDUC VISCONDE DE CAIRU,Santa Rosa,43,18,29,47,0.6170212765957447,36,14,7
43029027,INST EST EDUC JOAO NEVES DA FONTOURA,Cachoeira do Sul,43,20,32,52,0.6153846153846154,18,9,0
43125700,ESC EST ED BAS GENERAL NETO,Sant'Ana do Livramento,43,15,24,39,0.6153846153846154,23,14,10
43090923,ESC EST ENS MED NOVA BRESCIA,Nova Bréscia,43,5,8,13,0.6153846153846154,9,1,0
43095658,ESC EST ENS MED CASTRO ALVES,São José das Missões,43,5,8,13,0.6153846153846154,10,2,0
43121721,ESC EST ED BAS ESTADO DE GOIAS,Santa Cruz do Sul,43,19,30,49,0.6122448979591837,7,2,7
43012469,INST EST EDUC OSWALDO ARANHA,Alegrete,43,23,36,59,0.6101694915254238,39,13,0
43017517,INST EST EDUC AIMONE SOARES CARRICONDE,Arroio Grande,43,16,25,41,0.6097560975609756,7,4,7
43060170,ESC TECNICA EST BERNARDO VIEIRA DE MELLO,Esteio,43,16,25,41,0.6097560975609756,41,14,8
43126693,ESC EST ED BAS CRUZEIRO,Santa Rosa,43,9,14,23,0.6086956521739131,16,1,0
43129153,ESC EST ENS MED DR AUGUSTO DO NASCIMENTO E SILVA,Santo Ângelo,43,11,17,28,0.6071428571428571,19,2,0
43080545,INST EST EDUC VICENTE DUTRA,Júlio de Castilhos,43,13,20,33,0.6060606060606061,22,6,7
43097790,INST ESTADUAL CECY LEITE COSTA,Passo Fundo,43,19,29,48,0.6041666666666666,6,7,0
43147267,INST EST EDUC MADRE TEREZA,Seberi,43,18,27,45,0.6,36,7,0
43173144,ESC EST ENS MED VIRGILINO JAYME ZINN,Cachoeira do Sul,43,14,21,35,0.6,20,3,0
43140904,ESC EST ENS MED GUSTAVO LANGSCH POLIVALENTE,São Luiz Gonzaga,43,10,15,25,0.6,14,2,0
43026389,COL ESTADUAL ENGENHEIRO PAULO CHAVES,Maratá,43,6,9,15,0.6,9,1,0
43118674,ESC EST ENS MED CASTELO BRANCO,Salto do Jacuí,43,13,19,32,0.59375,14,1,0
43105181,COL ESTADUAL PROTASIO ALVES,Porto Alegre,43,24,35,59,0.5932203389830508,27,21,27
43073824,INST EST EDUC EDMUNDO ROEWER,Ibirubá,43,11,16,27,0.5925925925925926,17,5,8
43013899,ESC EST ED BAS PROF GENTIL VIEGAS CARDOSO,Alvorada,43,27,39,66,0.5909090909090909,8,5,8
43152198,INST EST EDUC CORONEL PATRICIO VIEIRA RODRIGUES,Tapes,43,18,26,44,0.5909090909090909,28,10,6
43026397,ESC EST ENS MED ERNI OSCAR FAUTH,Brochier,43,9,13,22,0.5909090909090909,12,2,0
43035418,INST EST EDUC CRISTO REDENTOR,Cândido Godói,43,14,20,34,0.5882352941176471,21,6,5
43079040,COL ESTADUAL CARLOS ALBERTO RIBAS,Jaguarão,43,14,20,34,0.5882352941176471,3,1,3
43137296,ESC EST ENS MED JOSE JOAQUIM DE ANDRADE,Barão do Triunfo,43,7,10,17,0.5882352941176471,13,2,0
43059104,ESC EST ENS MED BELIZARIO DE OLIVEIRA CARPES,Espumoso,43,7,10,17,0.5882352941176471,16,6,0
43094074,ESC EST ENS MED ILDEFONSO SIMOES LOPES,Osório,43,19,27,46,0.5869565217391305,67,14,9
43027539,INST EST EDUC DINARTE RIBEIRO,Caçapava do Sul,43,15,21,36,0.5833333333333334,13,6,7
43109187,COL ESTADUAL PROF ELMANO LAUFFER LEAL,Porto Alegre,43,15,21,36,0.5833333333333334,29,12,9
43044360,COL ESTADUAL DOUTOR DORVALINO LUCIANO DE SOUZA,Cerro Grande,43,10,14,24,0.5833333333333334,18,3,0
43124356,COL ESTADUAL CONEGO AFONSO SCHERER,Santa Maria do Herval,43,10,14,24,0.5833333333333334,11,1,0
43062695,COL ESTADUAL PROFESSOR JACOB MILTON BENNEMANN,Feliz,43,13,18,31,0.5806451612903226,14,6,0
43169627,INST EST EDUC SAO FRANCISCO SOLANO,Não-Me-Toque,43,13,18,31,0.5806451612903226,11,5,11
43122043,ESC EST ENS MED DR WALTER JOBIM,Santa Maria,43,13,18,31,0.5806451612903226,17,1,0
43121942,ESC EST ENS MED PROFESSORA MARIA ROCHA,Santa Maria,43,39,53,92,0.5760869565217391,63,13,43
43123279,ESC EST ENS MED DOM ANTONIO REIS,Santa Maria,43,9,12,21,0.5714285714285714,12,1,0
43113672,INST EST EDUC JUVENAL MILLER,Rio Grande,43,28,37,65,0.5692307692307692,32,13,3
43018211,INST EST EDUC FELIPE ROMAN ROS,Arvorezinha,43,19,25,44,0.5681818181818182,24,6,0
43162886,ESC EST ENS MED URUGUAIANA,Uruguaiana,43,23,30,53,0.5660377358490566,24,4,9
43173136,INST EST EDUC DR CARLOS VIDAL DE OLIVEIRA,Sant'Ana do Livramento,43,10,13,23,0.5652173913043478,13,4,0
43140866,ESC TECNICA EST SANTA ISABEL,São Lourenço do Sul,43,10,13,23,0.5652173913043478,23,14,12
43153640,ESC EST ENS MED BARAO DE ANTONINA,Taquari,43,10,13,23,0.5652173913043478,15,2,0
43113788,ESC EST ENS MED ENG ROBERTO BASTOS TELLECHEA,Rio Grande,43,28,36,64,0.5625,21,1,0
43121519,ESC EST ENS MED FREDERICO KOPS,Sinimbu,43,7,9,16,0.5625,12,1,0
43151728,INST EST EDUC NOSSA SENHORA IMACULADA,Tapera,43,18,23,41,0.5609756097560976,31,12,16
43113478,ESC EST ENS MED BRIGADEIRO JOSE DA SILVA PAES,Rio Grande,43,15,19,34,0.5588235294117647,22,6,0
43037429,ESC EST ENS MED JOAO DE DEUS NUNES,Canguçu,43,20,25,45,0.5555555555555556,20,1,0
43141544,INST EST EDUC PROFESSOR OSMAR POPPE,São Luiz Gonzaga,43,16,20,36,0.5555555555555556,22,8,0
43067891,ESC EST ENS MED CARLOS GAKLIK,Senador Salgado Filho,43,4,5,9,0.5555555555555556,8,1,0
43159028,ESC EST ENS MED AGUIA DE HAIA,Três Passos,43,13,16,29,0.5517241379310345,8,8,7
43063780,INST ESTADUAL ERNESTO FERREIRA MAIA,Fontoura Xavier,43,22,27,49,0.5510204081632653,20,4,0
43156576,INST EST EDUC BARAO DE TRAMANDAI,Tramandaí,43,22,27,49,0.5510204081632653,29,15,8
43056199,COL AGRIC EST ANGELO EMILIO GRANDO,Erechim,43,10,12,22,0.5454545454545454,22,10,0
43038441,INST EST EDUC DR CARLOS CHAGAS,Canoas,43,21,25,46,0.5434782608695652,40,12,0
43101917,ESC TECNICA EST PROFESSORA SYLVIA MELLO,Pelotas,43,21,25,46,0.5434782608695652,31,6,7
43131417,COL ESTADUAL TOLENTINA BARCELOS GONCALVES,Santo Antônio das Missões,43,16,19,35,0.5428571428571428,27,7,6
43126731,COL ESTADUAL SANTA VITORIA DO PALMAR,Santa Vitória do Palmar,43,22,26,48,0.5416666666666666,37,6,6
43163025,INST EST EDUC IRMAO GETULIO,Vacaria,43,24,28,52,0.5384615384615384,18,5,0
43105173,ESC TECNICA EST JOSE FEIJO,Porto Alegre,43,13,15,28,0.5357142857142857,5,1,5
43049095,ESC EST ENS MED ROCHA POMBO,Crissiumal,43,7,8,15,0.5333333333333333,14,1,0
43165133,ESC EST ENS MED FRIDA RECKZIEGEL,Venâncio Aires,43,7,8,15,0.5333333333333333,8,1,0
43057730,INST EST EDUC SAO JOAO BATISTA,Herval,43,15,17,32,0.53125,5,2,0
43011721,COL ESTADUAL EMILIO ZUNEDA,Alegrete,43,27,30,57,0.5263157894736842,33,19,15
43101615,ESC EST ENS MED MARECHAL RONDON,Pelotas,43,9,10,19,0.5263157894736842,11,1,0
43096514,INST EST EDUC 22 DE MAIO,Palmitinho,43,19,21,40,0.525,39,6,0
43032974,ESC EST ED BAS JOAO XXIII,Campina das Missões,43,10,11,21,0.5238095238095238,3,2,3
43156851,INST EST EDUC MARIA ANGELINA MAGGI,Três Cachoeiras,43,22,24,46,0.5217391304347826,16,4,0
43121870,ESC EST ENS MED NOSSA SENHORA DO ROSARIO,Santa Cruz do Sul,43,11,12,23,0.5217391304347826,16,1,0
43129331,INST EST EDUC ODAO FELIPPE PIPPI,Santo Ângelo,43,35,38,73,0.5205479452054794,24,11,7
43031005,INST EST EDUC CONEGO LUIZ WALTER HANQUET,Camaquã,43,29,31,60,0.5166666666666667,21,6,8
43049907,ESC EST ENS MED MAJOR BELARMINO CORTES,Cruz Alta,43,18,19,37,0.5135135135135135,13,1,0
43156371,INST EST EDUC MARCILIO DIAS,Torres,43,27,28,55,0.509090909090909,31,9,7
43012582,ESC EST ED BAS DR LAURO DORNELLES,Alegrete,43,26,26,52,0.5,8,3,8
43135994,INST EST EDUC MENNA BARRETO,São Gabriel,43,22,22,44,0.5,21,8,0
43112811,COL ESTADUAL LEMOS JUNIOR,Rio Grande,43,21,21,42,0.5,25,7,10
43127150,INST EST EDUC PROFESSOR ISAIAS,Santiago,43,19,19,38,0.5,39,18,9
43046533,COL ESTADUAL DOM ANTONIO MACEDO COSTA,Ciríaco,43,12,12,24,0.5,14,2,0
43008976,INST EST ED IND ANGELO MANHKA MIGUEL,São Valério do Sul,43,9,9,18,0.5,18,8,0
43071082,ESC EST TEC AGR GUAPORE,Guaporé,43,6,6,12,0.5,12,7,3
43110061,INST EST EDUC SAO FRANCISCO XAVIER,Porto Xavier,43,19,18,37,0.4864864864864865,13,5,4
43150748,INST ESTADUAL SAO JOSE,Soledade,43,19,18,37,0.4864864864864865,10,1,0
43171273,ESC EST ENS MED ARROIO DO TIGRE,Arroio do Tigre,43,16,15,31,0.4838709677419355,4,1,4
43071910,ESC EST ED BAS ALBINO FANTIN,Horizontina,43,14,13,27,0.48148148148148145,8,2,8
43150047,ESC EST ED BAS PADRE BENJAMIM COPETTI,Sobradinho,43,22,20,42,0.47619047619047616,25,8,0
43156428,ESC EST ENS MED JOSE QUARTIERO,Torres,43,11,10,21,0.47619047619047616,12,1,0
43123686,INST EST EDUC OLAVO BILAC,Santa Maria,43,40,36,76,0.47368421052631576,21,7,0
43105580,INST ESTADUAL DOM DIOGO DE SOUZA,Porto Alegre,43,30,27,57,0.47368421052631576,30,13,12
43160999,INST EST EDUC MAE DE DEUS,Tupanciretã,43,20,18,38,0.47368421052631576,17,5,5
43045170,ESC EST ED BAS EUGENIO FRANTZ,Cerro Largo,43,10,9,19,0.47368421052631576,14,2,0
43124950,INST EST EDUC PROF LIBERATO SALZANO V DA CUNHA,Sant'Ana do Livramento,43,21,18,39,0.46153846153846156,20,8,0
43110630,ESC EST ED BAS SAO FRANCISCO,Progresso,43,14,12,26,0.46153846153846156,14,2,0
43125492,ESC EST ENS MED PROF CHAVES,Sant'Ana do Livramento,43,14,12,26,0.46153846153846156,14,1,0
43054480,INST EST EDUC MONSENHOR SCALABRINI,Encantado,43,27,23,50,0.46,49,13,6
43033466,ESC EST ENS MED CAMPINAS DO SUL,Campinas do Sul,43,13,11,24,0.4583333333333333,23,4,7
43072135,INST EST EDUC MARIA CRISTINA CIEP,Humaitá,43,13,11,24,0.4583333333333333,36,8,0
43107583,INST EST EDUC GENERAL FLORES DA CUNHA,Porto Alegre,43,45,38,83,0.4578313253012048,29,10,0
43128246,COL ESTADUAL MONSENHOR ASSIS,Santiago,43,18,15,33,0.45454545454545453,15,1,0
43104495,ESC EST ENS MED SAO GABRIEL,Ametista do Sul,43,16,13,29,0.4482758620689655,17,2,0
43076637,INST EST EDUC VISCONDE DE TAUNAY,Iraí,43,16,13,29,0.4482758620689655,29,3,0
43141617,ESC TECNICA EST CRUZEIRO DO SUL,São Luiz Gonzaga,43,15,12,27,0.4444444444444444,27,13,12
43104568,INST EST EDUC PADRE VITORIO,Planalto,43,19,15,34,0.4411764705882353,16,2,0
43041612,COL ESTADUAL CATUIPE,Catuípe,43,18,14,32,0.4375,3,1,3
43037399,ESC TECNICA EST CANGUCU,Canguçu,43,22,17,39,0.4358974358974359,34,15,14
43056830,ESC EST NORMAL JOSE BONIFACIO,Erechim,43,35,27,62,0.43548387096774194,29,7,0
43117600,ESC EST ED BAS ERICO VERISSIMO,Roque Gonzales,43,17,13,30,0.43333333333333335,15,2,0
43101895,COL ESTADUAL CASSIANO DO NASCIMENTO,Pelotas,43,33,25,58,0.43103448275862066,38,6,6
43053688,ESC EST ED BAS DR MAURICIO CARDOSO,Doutor Maurício Cardoso,43,8,6,14,0.42857142857142855,12,1,0
43128084,COL ESTADUAL APOLINARIO PORTO ALEGRE,Santiago,43,15,11,26,0.4230769230769231,16,3,0
43112820,ESC TECNICA EST GETULIO VARGAS,Rio Grande,43,40,29,69,0.42028985507246375,59,28,25
43101836,INST EST EDUC ASSIS BRASIL,Pelotas,43,47,34,81,0.41975308641975306,25,7,0
43123813,ESC BASICA EST ERICO VERISSIMO,Santa Maria,43,17,12,29,0.41379310344827586,17,1,0
43060790,INST EST EDUC ESTRELA DA MANHA,Estrela,43,13,9,22,0.4090909090909091,22,12,0
43171281,ESC MEDIA EST JACINTO INACIO,Santana da Boa Vista,43,19,13,32,0.40625,6,2,6
43124143,COL ESTADUAL PROF EDNA MAY CARDOSO,Santa Maria,43,22,15,37,0.40540540540540543,18,2,0
43157734,INST EST EDUC CARDEAL PACELLI,Três de Maio,43,22,15,37,0.40540540540540543,20,8,6
43027016,ESC EST ENS MED NOSSA SENHORA DA ASSUNCAO,Caçapava do Sul,43,24,16,40,0.4,27,5,0
43138497,INST EST EDUC SAO JOSE,São José do Norte,43,30,19,49,0.3877551020408163,13,5,7
43123619,E E DE EDUC ESP DR REINALDO FERNANDO COSER,Santa Maria,43,13,8,21,0.38095238095238093,17,7,0
43117309,C E DE EDUC BAS CONDE D EU,Rondinha,43,21,11,32,0.34375,22,4,0
43156304,ESC EST ED BAS GOVERNADOR JORGE LACERDA,Torres,43,27,14,41,0.34146341463414637,14,1,0
43032060,ESC EST ENS MED ANA CESAR,Camaquã,43,26,13,39,0.3333333333333333,4,1,4
43034233,ESC EST ED BAS JOAO FERRARI,Campos Borges,43,14,7,21,0.3333333333333333,10,1,0
43099866,INST EST EDUC JOSE BERNABE DE SOUZA,Cerrito,43,18,8,26,0.3076923076923077,14,5,6
43045596,INST EST EDUC JULIA BILLIART,Chapada,43,18,8,26,0.3076923076923077,19,3,0
43159095,INST EST EDUC ERICO VERISSIMO,Três Passos,43,38,16,54,0.2962962962962963,20,6,3
43113605,ESC EST ENS MED SILVA GAMA,Rio Grande,43,36,15,51,0.29411764705882354,16,1,0
43048498,ESC EST ENS MED PONCHE VERDE,Crissiumal,43,18,7,25,0.28,4,1,4
43079865,INST EST EDUC PROFA GUILHERMINA JAVORSKI,Jaguari,43,22,8,30,0.26666666666666666,17,2,0
43092900,FUNDACAO ESCOLA TECNICA LIBERATO SALZANO VIEIRA DA CUNHA,Novo Hamburgo,43,0,0,NA,NA,159,107,94
